{
    "credit": "Made by Nubb",
    "texture_size": [64, 64],
    "textures": {
        "0": "./crown",
        "particle": "./crown"
    },
    "elements": [{
            "name": "back",
            "from": [4, 7.75, 12],
            "to": [12, 9, 13],
            "rotation": { "angle": 0, "axis": "y", "origin": [4, 11, 8] },
            "faces": {
                "north": { "uv": [0, 0, 4, 0.75], "texture": "#0" },
                "east": { "uv": [4, 10, 4.5, 10.75], "texture": "#0" },
                "south": { "uv": [0, 1.5, 4, 2.25], "texture": "#0" },
                "west": { "uv": [10, 4.5, 10.5, 5.25], "texture": "#0" },
                "up": { "uv": [4, 8, 0, 7.5], "texture": "#0" },
                "down": { "uv": [8.5, 7.5, 4.5, 8], "texture": "#0" }
            }
        },
        {
            "name": "right",
            "from": [3, 7.75, 4],
            "to": [4, 9, 12],
            "rotation": { "angle": 0, "axis": "y", "origin": [4, 11, 8] },
            "faces": {
                "north": { "uv": [5, 10, 5.5, 10.75], "texture": "#0" },
                "east": { "uv": [0, 3, 4, 3.75], "texture": "#0" },
                "south": { "uv": [6, 10, 6.5, 10.75], "texture": "#0" },
                "west": { "uv": [0, 4.5, 4, 5.25], "texture": "#0" },
                "up": { "uv": [0.5, 12.5, 0, 8.5], "texture": "#0" },
                "down": { "uv": [1.5, 8.5, 1, 12.5], "texture": "#0" }
            }
        },
        {
            "name": "midleft",
            "from": [8.5, 9, 3],
            "to": [9.5, 11, 4.25],
            "rotation": { "angle": 0, "axis": "y", "origin": [4, 11, 8] },
            "faces": {
                "north": { "uv": [9, 3, 9.5, 4], "texture": "#0" },
                "east": { "uv": [4, 8.5, 4.75, 9.5], "texture": "#0" },
                "south": { "uv": [9, 4.5, 9.5, 5.5], "texture": "#0" },
                "west": { "uv": [5.5, 8.5, 6.25, 9.5], "texture": "#0" },
                "up": { "uv": [10.5, 6.75, 10, 6], "texture": "#0" },
                "down": { "uv": [7.5, 10, 7, 10.75], "texture": "#0" }
            }
        },
        {
            "name": "midright",
            "from": [6.5, 9, 3],
            "to": [7.5, 11, 4.25],
            "rotation": { "angle": 0, "axis": "y", "origin": [4, 11, 8] },
            "faces": {
                "north": { "uv": [9, 6, 9.5, 7], "texture": "#0" },
                "east": { "uv": [7, 8.5, 7.75, 9.5], "texture": "#0" },
                "south": { "uv": [10, 3, 10.5, 4], "texture": "#0" },
                "west": { "uv": [8.5, 8.5, 9.25, 9.5], "texture": "#0" },
                "up": { "uv": [10.5, 8.25, 10, 7.5], "texture": "#0" },
                "down": { "uv": [8.5, 10, 8, 10.75], "texture": "#0" }
            }
        },
        {
            "name": "midfarright",
            "from": [5, 9, 3],
            "to": [5.75, 10.5, 4],
            "rotation": { "angle": 0, "axis": "y", "origin": [4, 11, 8] },
            "faces": {
                "north": { "uv": [9, 10, 9.5, 10.75], "texture": "#0" },
                "east": { "uv": [10, 9, 10.5, 9.75], "texture": "#0" },
                "south": { "uv": [10.5, 0, 11, 0.75], "texture": "#0" },
                "west": { "uv": [10.5, 1.5, 11, 2.25], "texture": "#0" },
                "up": { "uv": [9.5, 8, 9, 7.5], "texture": "#0" },
                "down": { "uv": [11.5, 10.5, 11, 11], "texture": "#0" }
            }
        },
        {
            "name": "right",
            "from": [3.5, 9, 3.5],
            "to": [4.25, 10, 4.25],
            "rotation": { "angle": 0, "axis": "y", "origin": [4, 11, 8] },
            "faces": {
                "north": { "uv": [11.5, 0, 12, 0.5], "texture": "#0" },
                "east": { "uv": [11.5, 1, 12, 1.5], "texture": "#0" },
                "south": { "uv": [11.5, 2, 12, 2.5], "texture": "#0" },
                "west": { "uv": [4, 11.5, 4.5, 12], "texture": "#0" },
                "up": { "uv": [5.5, 12, 5, 11.5], "texture": "#0" },
                "down": { "uv": [6.5, 11.5, 6, 12], "texture": "#0" }
            }
        },
        {
            "name": "farright",
            "from": [3, 9, 5],
            "to": [3.5, 9.75, 5.75],
            "rotation": { "angle": 0, "axis": "y", "origin": [4, 11, 8] },
            "faces": {
                "north": { "uv": [14.5, 10.5, 14.75, 11], "texture": "#0" },
                "east": { "uv": [7, 11.5, 7.5, 12], "texture": "#0" },
                "south": { "uv": [12, 14.5, 12.25, 15], "texture": "#0" },
                "west": { "uv": [8, 11.5, 8.5, 12], "texture": "#0" },
                "up": { "uv": [13.25, 15, 13, 14.5], "texture": "#0" },
                "down": { "uv": [15.25, 0, 15, 0.5], "texture": "#0" }
            }
        },
        {
            "name": "farleft",
            "from": [12.5, 9, 5],
            "to": [13, 9.75, 5.75],
            "rotation": { "angle": 0, "axis": "y", "origin": [4, 11, 8] },
            "faces": {
                "north": { "uv": [15, 1, 15.25, 1.5], "texture": "#0" },
                "east": { "uv": [9, 11.5, 9.5, 12], "texture": "#0" },
                "south": { "uv": [15, 2, 15.25, 2.5], "texture": "#0" },
                "west": { "uv": [11, 11.5, 11.5, 12], "texture": "#0" },
                "up": { "uv": [15.25, 3.5, 15, 3], "texture": "#0" },
                "down": { "uv": [4.25, 15, 4, 15.5], "texture": "#0" }
            }
        },
        {
            "name": "left",
            "from": [11.75, 9, 3.5],
            "to": [12.5, 10, 4.25],
            "rotation": { "angle": 0, "axis": "y", "origin": [4, 11, 8] },
            "faces": {
                "north": { "uv": [12, 3, 12.5, 3.5], "texture": "#0" },
                "east": { "uv": [12, 4, 12.5, 4.5], "texture": "#0" },
                "south": { "uv": [12, 5, 12.5, 5.5], "texture": "#0" },
                "west": { "uv": [12, 6, 12.5, 6.5], "texture": "#0" },
                "up": { "uv": [12.5, 7.5, 12, 7], "texture": "#0" },
                "down": { "uv": [12.5, 8, 12, 8.5], "texture": "#0" }
            }
        },
        {
            "name": "midfarleft",
            "from": [10.25, 9, 3],
            "to": [11, 10.5, 4],
            "rotation": { "angle": 0, "axis": "y", "origin": [4, 11, 8] },
            "faces": {
                "north": { "uv": [10, 10.5, 10.5, 11.25], "texture": "#0" },
                "east": { "uv": [11, 3, 11.5, 3.75], "texture": "#0" },
                "south": { "uv": [11, 4.5, 11.5, 5.25], "texture": "#0" },
                "west": { "uv": [11, 6, 11.5, 6.75], "texture": "#0" },
                "up": { "uv": [12.5, 9.5, 12, 9], "texture": "#0" },
                "down": { "uv": [10.5, 12, 10, 12.5], "texture": "#0" }
            }
        },
        {
            "name": "front",
            "from": [4, 7.75, 3],
            "to": [12, 9, 4.5],
            "rotation": { "angle": 0, "axis": "y", "origin": [4, 11, 8] },
            "faces": {
                "north": { "uv": [4.5, 0, 8.5, 0.75], "texture": "#0" },
                "east": { "uv": [9, 0, 9.75, 0.75], "texture": "#0" },
                "south": { "uv": [4.5, 1.5, 8.5, 2.25], "texture": "#0" },
                "west": { "uv": [9, 1.5, 9.75, 2.25], "texture": "#0" },
                "up": { "uv": [8.5, 3.75, 4.5, 3], "texture": "#0" },
                "down": { "uv": [8.5, 4.5, 4.5, 5.25], "texture": "#0" }
            }
        },
        {
            "name": "midgem",
            "from": [7.25, 8.05, 2.75],
            "to": [8.75, 8.8, 3.05],
            "rotation": { "angle": 0, "axis": "y", "origin": [4, 11, 8] },
            "faces": {
                "north": { "uv": [12, 10, 12.75, 10.25], "texture": "#0" },
                "east": { "uv": [15, 4, 15.25, 4.25], "texture": "#0" },
                "south": { "uv": [12, 11, 12.75, 11.25], "texture": "#0" },
                "west": { "uv": [5, 15, 5.25, 15.25], "texture": "#0" },
                "up": { "uv": [12.75, 12.25, 12, 12], "texture": "#0" },
                "down": { "uv": [13.25, 0, 12.5, 0.25], "texture": "#0" }
            }
        },
        {
            "name": "leftgem",
            "from": [9.85, 8.15, 2.85],
            "to": [11.15, 8.7, 3.05],
            "rotation": { "angle": 0, "axis": "y", "origin": [4, 11, 8] },
            "faces": {
                "north": { "uv": [12.5, 1, 13.25, 1.25], "texture": "#0" },
                "east": { "uv": [15, 5, 15.25, 5.25], "texture": "#0" },
                "south": { "uv": [12.5, 2, 13.25, 2.25], "texture": "#0" },
                "west": { "uv": [6, 15, 6.25, 15.25], "texture": "#0" },
                "up": { "uv": [4.75, 12.75, 4, 12.5], "texture": "#0" },
                "down": { "uv": [6.25, 12.5, 5.5, 12.75], "texture": "#0" }
            }
        },
        {
            "name": "rightgem",
            "from": [4.75, 8.15, 2.85],
            "to": [6.05, 8.7, 3.05],
            "rotation": { "angle": 0, "axis": "y", "origin": [4, 11, 8] },
            "faces": {
                "north": { "uv": [7, 12.5, 7.75, 12.75], "texture": "#0" },
                "east": { "uv": [15, 6, 15.25, 6.25], "texture": "#0" },
                "south": { "uv": [8.5, 12.5, 9.25, 12.75], "texture": "#0" },
                "west": { "uv": [7, 15, 7.25, 15.25], "texture": "#0" },
                "up": { "uv": [0.75, 13.25, 0, 13], "texture": "#0" },
                "down": { "uv": [2.25, 13, 1.5, 13.25], "texture": "#0" }
            }
        },
        {
            "name": "left",
            "from": [12, 7.75, 4],
            "to": [13, 9, 12],
            "rotation": { "angle": 0, "axis": "y", "origin": [4, 11, 8] },
            "faces": {
                "north": { "uv": [11, 7.5, 11.5, 8.25], "texture": "#0" },
                "east": { "uv": [0, 6, 4, 6.75], "texture": "#0" },
                "south": { "uv": [11, 9, 11.5, 9.75], "texture": "#0" },
                "west": { "uv": [4.5, 6, 8.5, 6.75], "texture": "#0" },
                "up": { "uv": [2.5, 12.5, 2, 8.5], "texture": "#0" },
                "down": { "uv": [3.5, 8.5, 3, 12.5], "texture": "#0" }
            }
        },
        {
            "name": "topleft",
            "from": [12, 7.75, 3.5],
            "to": [12.5, 9, 4],
            "rotation": { "angle": 0, "axis": "y", "origin": [4, 11, 8] },
            "faces": {
                "north": { "uv": [11, 12.5, 11.25, 13.25], "texture": "#0" },
                "east": { "uv": [3, 13, 3.25, 13.75], "texture": "#0" },
                "south": { "uv": [13, 3, 13.25, 3.75], "texture": "#0" },
                "west": { "uv": [13, 4.5, 13.25, 5.25], "texture": "#0" },
                "up": { "uv": [15.25, 7.25, 15, 7], "texture": "#0" },
                "down": { "uv": [8.25, 15, 8, 15.25], "texture": "#0" }
            }
        },
        {
            "name": "topleft",
            "from": [11.5, 7.75, 4.5],
            "to": [12, 9, 5],
            "rotation": { "angle": 0, "axis": "y", "origin": [4, 11, 8] },
            "faces": {
                "north": { "uv": [13, 6, 13.25, 6.75], "texture": "#0" },
                "east": { "uv": [13, 7.5, 13.25, 8.25], "texture": "#0" },
                "south": { "uv": [10, 13, 10.25, 13.75], "texture": "#0" },
                "west": { "uv": [12, 13, 12.25, 13.75], "texture": "#0" },
                "up": { "uv": [15.25, 8.25, 15, 8], "texture": "#0" },
                "down": { "uv": [9.25, 15, 9, 15.25], "texture": "#0" }
            }
        },
        {
            "name": "topright",
            "from": [3.5, 7.75, 3.5],
            "to": [4, 9, 4],
            "rotation": { "angle": 0, "axis": "y", "origin": [4, 11, 8] },
            "faces": {
                "north": { "uv": [13, 13, 13.25, 13.75], "texture": "#0" },
                "east": { "uv": [4, 13.5, 4.25, 14.25], "texture": "#0" },
                "south": { "uv": [5, 13.5, 5.25, 14.25], "texture": "#0" },
                "west": { "uv": [6, 13.5, 6.25, 14.25], "texture": "#0" },
                "up": { "uv": [15.25, 11.75, 15, 11.5], "texture": "#0" },
                "down": { "uv": [15.25, 12.5, 15, 12.75], "texture": "#0" }
            }
        },
        {
            "name": "topright",
            "from": [4, 7.75, 4.5],
            "to": [4.5, 9, 5],
            "rotation": { "angle": 0, "axis": "y", "origin": [4, 11, 8] },
            "faces": {
                "north": { "uv": [7, 13.5, 7.25, 14.25], "texture": "#0" },
                "east": { "uv": [8, 13.5, 8.25, 14.25], "texture": "#0" },
                "south": { "uv": [9, 13.5, 9.25, 14.25], "texture": "#0" },
                "west": { "uv": [13.5, 9, 13.75, 9.75], "texture": "#0" },
                "up": { "uv": [15.25, 13.75, 15, 13.5], "texture": "#0" },
                "down": { "uv": [14.25, 15, 14, 15.25], "texture": "#0" }
            }
        },
        {
            "name": "backright",
            "from": [3.5, 7.75, 12],
            "to": [4, 9, 12.5],
            "rotation": { "angle": 0, "axis": "y", "origin": [4, 11, 8] },
            "faces": {
                "north": { "uv": [13.5, 10.5, 13.75, 11.25], "texture": "#0" },
                "east": { "uv": [0, 14, 0.25, 14.75], "texture": "#0" },
                "south": { "uv": [14, 0, 14.25, 0.75], "texture": "#0" },
                "west": { "uv": [1, 14, 1.25, 14.75], "texture": "#0" },
                "up": { "uv": [15.25, 14.75, 15, 14.5], "texture": "#0" },
                "down": { "uv": [0.25, 15.5, 0, 15.75], "texture": "#0" }
            }
        },
        {
            "name": "backright",
            "from": [4, 7.75, 11.5],
            "to": [4.5, 9, 12],
            "rotation": { "angle": 0, "axis": "y", "origin": [4, 11, 8] },
            "faces": {
                "north": { "uv": [14, 1.5, 14.25, 2.25], "texture": "#0" },
                "east": { "uv": [2, 14, 2.25, 14.75], "texture": "#0" },
                "south": { "uv": [14, 3, 14.25, 3.75], "texture": "#0" },
                "west": { "uv": [14, 4.5, 14.25, 5.25], "texture": "#0" },
                "up": { "uv": [1.25, 15.75, 1, 15.5], "texture": "#0" },
                "down": { "uv": [2.25, 15.5, 2, 15.75], "texture": "#0" }
            }
        },
        {
            "name": "backleft",
            "from": [12, 7.75, 12],
            "to": [12.5, 9, 12.5],
            "rotation": { "angle": 0, "axis": "y", "origin": [4, 11, 8] },
            "faces": {
                "north": { "uv": [14, 6, 14.25, 6.75], "texture": "#0" },
                "east": { "uv": [14, 7.5, 14.25, 8.25], "texture": "#0" },
                "south": { "uv": [11, 14, 11.25, 14.75], "texture": "#0" },
                "west": { "uv": [14, 12, 14.25, 12.75], "texture": "#0" },
                "up": { "uv": [15.75, 9.25, 15.5, 9], "texture": "#0" },
                "down": { "uv": [15.75, 10, 15.5, 10.25], "texture": "#0" }
            }
        },
        {
            "name": "backleft",
            "from": [11.5, 7.75, 11.5],
            "to": [12, 9, 12],
            "rotation": { "angle": 0, "axis": "y", "origin": [4, 11, 8] },
            "faces": {
                "north": { "uv": [14, 13.5, 14.25, 14.25], "texture": "#0" },
                "east": { "uv": [3, 14.5, 3.25, 15.25], "texture": "#0" },
                "south": { "uv": [14.5, 9, 14.75, 9.75], "texture": "#0" },
                "west": { "uv": [10, 14.5, 10.25, 15.25], "texture": "#0" },
                "up": { "uv": [11.25, 15.75, 11, 15.5], "texture": "#0" },
                "down": { "uv": [12.25, 15.5, 12, 15.75], "texture": "#0" }
            }
        }
    ],
    "display": {
        "thirdperson_righthand": {
            "rotation": [75, 45, 0],
            "scale": [0.375, 0.375, 0.375]
        },
        "thirdperson_lefthand": {
            "rotation": [75, 45, 0],
            "scale": [0.375, 0.375, 0.375]
        },
        "firstperson_righthand": {
            "rotation": [0, 45, 0],
            "scale": [0.4, 0.4, 0.4]
        },
        "firstperson_lefthand": {
            "rotation": [0, 225, 0],
            "scale": [0.4, 0.4, 0.4]
        },
        "gui": {
            "rotation": [-160.34, -38.62, 175.38],
            "scale": [1.14648, 1.14648, 1.14648]
        },
        "head": {
            "translation": [0, 5.5, 0],
            "scale": [1.5957, 1.5957, 1.5957]
        },
        "fixed": {
            "rotation": [-90, 0, 0],
            "translation": [0, 0, -0.5],
            "scale": [1.77344, 1.77344, 1.77344]
        }
    },
    "groups": [{
            "name": "steve",
            "origin": [8, 8, 8],
            "color": 0,
            "children": [0]
        },
        {
            "name": "crown",
            "origin": [4, 11, 8],
            "color": 0,
            "children": [1, 2, 3, 4, 5, 6, 7, 8, 9, 10, 11, 12, 13, 14, 15, 16, 17, 18, 19, 20, 21, 22, 23]
        }
    ]
}